{
    "K": {
        "f": 1247.07666015625,
        "aspectRatio": 1.7777777910232545,
        "principalPoint": {
            "x": 1280.0,
            "y": 720.0
        }
    },
    "R": {
        "x": 0.0,
        "y": 0.0,
        "z": 0.0,
        "w": 1.0
    },
    "t": {
        "x": -0.31691837310791018,
        "y": -2.7799999713897707,
        "z": 11.072556495666504
    },
    "cylinderDimensions": {
        "cylinderHeight": 1.0,
        "cylinderRadius": 0.5
    }
}